mirnaid;targets;valtargets
hsa-mir-4708;3310;0
hsa-mir-548ay;0;0
hsa-mir-552;2927;0
hsa-mir-325;755;0
hsa-mir-3689b;5539;0
hsa-mir-5692c-2;2937;0
hsa-mir-10a;2468;5
hsa-mir-506;4427;0
hsa-mir-890;2000;0
hsa-mir-3180-5;1554;0
hsa-mir-4787;1057;0
hsa-mir-4477a;2752;0
hsa-mir-182;3615;8
hsa-mir-520h;3752;5
hsa-mir-302f;2111;0
hsa-mir-19b-2;3918;13
hsa-mir-4533;3748;0
hsa-mir-548a-1;4117;0
hsa-mir-4717;4328;0
hsa-mir-100;1729;6
hsa-mir-526b;4854;0
hsa-mir-23a;4480;5
hsa-mir-3619;4769;0
hsa-mir-101-1;2975;16
hsa-mir-148a;4638;7
hsa-mir-514a-1;3310;0
hsa-mir-125a;5027;16
hsa-mir-1265;1887;0
hsa-mir-4424;1601;0
hsa-mir-3649;1549;0
hsa-mir-4790;1856;0
hsa-mir-4757;2869;0
hsa-let-7a-3;4573;36
hsa-mir-518e;1848;0
hsa-mir-196b;1717;2
hsa-mir-205;4979;13
hsa-mir-668;1370;0
hsa-mir-145;3840;32
hsa-mir-200b;3768;13
hsa-mir-1299;3366;0
hsa-mir-3144;2706;0
hsa-mir-3908;2280;0
hsa-mir-493;3636;0
hsa-mir-130a;5009;10
hsa-mir-5692a-1;5213;0
hsa-mir-892b;2334;1
hsa-mir-6770-2;0;0
hsa-mir-6089-1;0;0
hsa-mir-523;1566;0
hsa-mir-3180-2;4601;0
hsa-mir-450b;4155;0
hsa-mir-412;1935;1
hsa-mir-3169;2282;0
hsa-mir-550a-2;3213;0
hsa-mir-212;4170;5
hsa-mir-1205;3647;0
hsa-mir-1207;6501;0
hsa-mir-7158;0;0
hsa-mir-3977;2594;0
hsa-mir-4435-2;3638;0
hsa-mir-376b;1563;1
hsa-mir-323a;3192;0
hsa-mir-5583-2;3310;0
hsa-mir-521-1;384;1
hsa-mir-5702;1906;0
hsa-mir-21;3733;65
hsa-mir-2113;1931;0
hsa-mir-129-2;4425;5
hsa-mir-1471;219;0
hsa-mir-142;3810;0
hsa-mir-3975;1329;0
hsa-mir-450a-2;2780;1
hsa-mir-649;1677;0
hsa-mir-30a;5402;108
hsa-mir-381;2484;0
hsa-mir-181d;3454;1
hsa-mir-1289-1;1556;0
hsa-mir-505;3637;0
hsa-mir-5680;4279;0
hsa-mir-22;4266;11
hsa-mir-138-1;3879;11
hsa-mir-3613;6357;0
hsa-mir-4283-1;2329;0
hsa-mir-514a-2;3310;0
hsa-mir-8061;0;0
hsa-mir-4520a;2876;0
hsa-mir-1538;1097;0
hsa-mir-513b;2465;0
hsa-mir-512-1;4707;1
hsa-mir-365b;2795;0
hsa-mir-377;4799;4
hsa-mir-187;2024;0
hsa-mir-516a-1;3104;1
hsa-mir-3150b;3365;0
hsa-mir-4660;2483;0
hsa-mir-4457;2478;0
hsa-mir-372;3890;11
hsa-mir-622;2379;0
hsa-mir-374a;4030;4
hsa-mir-378f;2063;0
hsa-mir-222;2902;18
hsa-mir-1305;2717;0
hsa-mir-3124;3781;0
hsa-mir-4278;1022;0
hsa-mir-29b-2;4645;28
hsa-mir-124-3;4349;151
hsa-mir-3685;1677;0
hsa-mir-519e;4322;1
hsa-mir-216a;2655;4
hsa-mir-3677;2266;0
hsa-mir-146a;4366;23
hsa-mir-548x-2;4543;0
hsa-mir-548i-2;3687;0
hsa-mir-6074;0;0
hsa-mir-4490;1617;0
hsa-mir-1324;3100;0
hsa-mir-520b;3648;2
hsa-mir-1261;1706;0
hsa-mir-4502;2003;0
hsa-mir-3670-2;2114;0
hsa-mir-29c;2848;21
hsa-mir-548i-3;3686;0
hsa-mir-3689f;1253;0
hsa-mir-3157;3427;0
hsa-mir-410;2159;0
hsa-mir-221;4120;19
hsa-mir-940;5086;0
hsa-mir-508;4116;0
hsa-mir-323b;1938;0
hsa-mir-3945;938;0
hsa-mir-4739;4184;0
hsa-mir-5100;1412;0
hsa-mir-3118-2;1881;0
hsa-mir-4286;2450;0
hsa-mir-6134;0;0
hsa-mir-3141;999;0
hsa-mir-1202;2288;0
hsa-mir-1973;503;0
hsa-mir-4536-1;1613;0
hsa-mir-509-1;3896;1
hsa-mir-4293;2428;0
hsa-mir-31;2857;26
hsa-mir-24-2;3681;21
hsa-mir-141;4865;16
hsa-mir-670;2669;0
hsa-mir-17;5684;43
hsa-mir-3674;1882;0
hsa-mir-3974;2412;0
hsa-mir-1251;1277;0
hsa-mir-1199;0;0
hsa-mir-518d;1893;0
hsa-mir-3118-1;1882;0
hsa-mir-4686;2121;0
hsa-mir-5091;447;0
hsa-mir-3180-3;4600;0
hsa-mir-487b;177;0
hsa-mir-365a;2836;0
hsa-mir-1247;1838;0
hsa-mir-8069;0;0
hsa-mir-769;2820;1
hsa-mir-6770-1;0;0
hsa-mir-542;2975;1
hsa-mir-411;2447;0
hsa-mir-373;6307;63
hsa-mir-548az;0;0
hsa-mir-382;3350;0
hsa-mir-3913-2;2816;0
hsa-mir-522;3790;1
hsa-mir-3687;411;0
hsa-mir-6077-2;0;0
hsa-mir-138-2;4494;11
hsa-mir-519d;3626;2
hsa-mir-6511a-1;0;0
hsa-mir-374b;4003;0
hsa-mir-4801;2662;0
hsa-mir-675;1702;1
hsa-mir-548ap;6555;0
hsa-mir-134;1913;2
hsa-mir-4539;2150;0
hsa-mir-4423;2293;0
hsa-mir-34b;4580;12
hsa-mir-4778;4933;0
hsa-mir-5700;2543;0
hsa-mir-3672;2205;0
hsa-mir-4795;5358;0
hsa-mir-122;1919;44
hsa-mir-3688-2;4841;0
hsa-mir-6082;0;0
hsa-mir-548ae-1;4545;0
hsa-mir-1297;2184;0
hsa-mir-8081;0;0
hsa-mir-4674;2584;0
hsa-mir-193b;3756;5
hsa-mir-3675;3556;0
hsa-mir-135a-2;2459;2
hsa-mir-1302-7;2228;0
hsa-mir-612;4054;1
hsa-mir-654;4283;1
hsa-mir-4452;2277;0
hsa-mir-5583-1;3311;0
hsa-mir-8059;0;0
hsa-mir-329-1;2207;0
hsa-mir-7154;0;0
hsa-mir-146b;3526;7
hsa-mir-96;3629;5
hsa-mir-4455;2342;0
hsa-mir-3143;3176;0
hsa-mir-548h-2;3688;0
hsa-mir-4255;1862;0
hsa-mir-125b-1;3032;52
hsa-mir-541;4321;0
hsa-mir-520a;5757;1
hsa-mir-3686;2788;0
hsa-mir-656;2946;0
hsa-mir-8060;0;0
hsa-mir-181b-1;5231;12
hsa-mir-196a-2;3504;12
hsa-mir-299;2876;2
hsa-mir-8074;0;0
hsa-mir-4495;3342;0
hsa-mir-219a-2;0;0
hsa-mir-144;3408;5
hsa-mir-380;2795;0
hsa-mir-7977;0;0
hsa-mir-1244-1;1564;0
hsa-mir-494;3075;1
hsa-mir-4432;1878;0
hsa-mir-519a-1;3637;3
hsa-mir-509-3;3898;1
hsa-mir-8084;0;0
hsa-mir-1268a;1075;0
hsa-mir-518a-1;3317;1
hsa-mir-184;535;3
hsa-mir-518a-2;3317;1
hsa-mir-1468;534;0
hsa-mir-515-1;4386;1
hsa-mir-4507;1583;0
hsa-mir-181a-1;3734;14
hsa-let-7i;2258;1
hsa-mir-4786;4734;0
hsa-mir-2114;3488;0
hsa-mir-2861;3029;0
hsa-mir-4538;1927;0
hsa-mir-320a;3534;4
hsa-mir-520g;3747;1
hsa-mir-210;602;43
hsa-mir-4719;3403;0
hsa-mir-4727;3547;0
hsa-mir-1302-3;2228;0
hsa-mir-376a-1;2591;7
hsa-mir-4465;2184;0
hsa-mir-3663;4032;0
hsa-mir-4300;2255;0
hsa-mir-363;4177;1
hsa-mir-3680-2;4071;0
hsa-mir-3912;306;0
hsa-mir-497;5773;0
hsa-mir-517b;1856;0
hsa-mir-3688-1;4840;0
hsa-mir-4294;2142;0
hsa-mir-5580;4301;0
hsa-mir-4436b-2;5717;0
hsa-mir-34a;4304;45
hsa-mir-662;736;0
hsa-mir-4262;3455;0
hsa-mir-659;2857;1
hsa-mir-30d;5322;2
hsa-mir-4634;323;0
hsa-mir-5692a-2;5215;0
hsa-mir-4445;1701;0
hsa-mir-6130;0;0
hsa-mir-378c;2062;0
hsa-let-7a-2;3852;36
hsa-mir-543;2849;0
hsa-mir-718;392;0
hsa-mir-4433b;0;0
hsa-mir-3150a;4089;0
hsa-mir-194-2;4248;10
hsa-mir-1193;1721;0
hsa-mir-20b;5040;12
hsa-mir-192;2461;69
hsa-mir-3659;1229;0
hsa-mir-331;3743;1
hsa-mir-4733;4467;0
hsa-mir-4770;2343;0
hsa-mir-3913-1;2819;0
hsa-mir-219b;0;0
hsa-mir-4662b;2611;0
hsa-mir-3147;1025;0
hsa-mir-3591;3729;0
hsa-mir-4652;4716;0
hsa-mir-1321;4227;0
hsa-mir-4689;2711;0
hsa-mir-1285-2;4057;1
hsa-mir-4999;2138;0
hsa-mir-519a-2;2519;3
hsa-mir-5188;104;0
hsa-mir-503;1277;12
hsa-mir-4289;1652;0
hsa-mir-124-2;4349;151
hsa-mir-27a;3849;7
hsa-mir-4448;2125;0
hsa-mir-4272;2164;0
hsa-mir-384;1873;1
hsa-mir-4792;1573;0
hsa-mir-3681;4270;0
hsa-mir-6511b-2;0;0
hsa-mir-376c;1880;1
hsa-mir-3960;669;0
hsa-mir-155;3158;157
hsa-mir-520c;4695;2
hsa-mir-515-2;4384;1
hsa-mir-4679-2;2182;0
hsa-mir-10b;3784;5
hsa-mir-544a;3187;0
hsa-mir-4534;2728;0
hsa-mir-6511a-3;0;0
hsa-mir-3180-1;4600;0
hsa-mir-583;3351;0
hsa-mir-4328;3789;0
hsa-mir-4521;1657;0
hsa-mir-4737;467;0
hsa-mir-889;1808;0
hsa-mir-202;2624;0
hsa-mir-6859-2;0;0
hsa-mir-3171;1186;0
hsa-mir-526a-2;1563;0
hsa-mir-3924;2467;0
hsa-mir-429;2865;7
hsa-mir-5011;5140;0
hsa-mir-34c;4234;10
hsa-mir-516a-2;3104;1
hsa-mir-4447;3055;0
hsa-mir-18a;4378;15
hsa-mir-3936;1872;0
hsa-mir-3159;1691;0
hsa-mir-143;4377;9
hsa-mir-492;1698;0
hsa-mir-6127;0;0
hsa-mir-4710;2762;0
hsa-mir-4425;1743;0
hsa-mir-4307;4123;0
hsa-mir-551b;4180;0
hsa-let-7a-1;4571;36
hsa-mir-520f;2297;0
hsa-mir-371a;2824;0
hsa-mir-129-1;4415;5
hsa-mir-8071-2;0;0
hsa-mir-5194;1982;0
hsa-mir-8056;0;0
hsa-mir-200c;3443;11
hsa-mir-5692b;2939;0
hsa-mir-20a;5320;26
hsa-mir-4638;3279;0
hsa-mir-539;4510;0
hsa-mir-1972-2;3114;0
hsa-mir-5787;0;0
hsa-mir-1304;4683;0
hsa-mir-3142;2071;0
hsa-mir-5093;2999;0
hsa-mir-509-2;3897;1
hsa-mir-3939;176;0
hsa-mir-206;2269;5
hsa-mir-514b;3341;0
hsa-mir-519b;3694;2
hsa-mir-1302-1;2227;0
hsa-mir-6511a-4;0;0
hsa-mir-92a-2;5577;11
hsa-mir-125b-2;4376;52
hsa-mir-520d;6330;0
hsa-mir-568;2238;0
hsa-mir-4530;3676;0
hsa-mir-154;2398;1
hsa-mir-219a-1;0;0
hsa-mir-4267;3106;0
hsa-mir-4280;1194;0
hsa-mir-195;5921;9
hsa-mir-3135b;4071;0
hsa-mir-135b;3323;6
hsa-mir-518c;3205;0
hsa-mir-466;2939;0
hsa-mir-510;2561;2
hsa-mir-8068;0;0
hsa-mir-3118-5;1882;0
hsa-mir-183;3810;9
hsa-mir-4472-1;3052;0
hsa-mir-4738;3434;0
hsa-mir-197;2996;58
hsa-mir-7641-1;0;0
hsa-mir-1283-1;2910;0
hsa-mir-3669;228;0
hsa-mir-4788;174;0
hsa-mir-1197;2274;0
hsa-mir-498;2395;0
hsa-mir-487a;1270;0
hsa-mir-216b;2413;0
hsa-mir-513a-1;5846;1
hsa-mir-4482;0;0
hsa-mir-3199-1;2095;0
hsa-mir-200a;4171;18
hsa-mir-3927;1965;0
hsa-mir-4732;2807;0
hsa-mir-5707;347;0
hsa-mir-15a;5295;19
hsa-mir-548h-4;6003;0
hsa-mir-548aj-1;4546;0
hsa-mir-1275;3257;0
hsa-mir-770;1191;0
hsa-mir-4426;2611;0
hsa-mir-4536-2;1613;0
hsa-mir-3178;570;0
hsa-mir-4442;411;0
hsa-mir-3925;4244;0
hsa-mir-30c-2;5377;3
hsa-mir-203a;0;0
hsa-mir-2682;4189;0
hsa-mir-9-3;4406;16
hsa-mir-891b;1637;0
hsa-mir-4303;2234;0
hsa-mir-1185-2;3062;0
hsa-mir-193a;3290;4
hsa-mir-513c;5001;0
hsa-mir-3188;1979;0
hsa-mir-1302-9;2228;0
hsa-mir-1254-2;2706;0
hsa-mir-5696;3506;0
hsa-mir-6503;0;0
hsa-mir-5571;3791;0
hsa-mir-424;4697;24
hsa-mir-548ag-2;2321;0
hsa-mir-130b;4739;3
hsa-mir-4510;3607;0
hsa-mir-92a-1;3745;12
hsa-mir-124-1;4349;151
hsa-mir-507;1902;0
hsa-mir-4418;3271;0
hsa-mir-4456;2632;0
hsa-mir-516b-1;4890;0
hsa-mir-6770-3;0;0
hsa-mir-6859-3;0;0
hsa-mir-4663;2212;0
hsa-mir-1302-4;2227;0
hsa-mir-6817;0;0
hsa-mir-570;6149;0
hsa-mir-9-2;4405;16
hsa-mir-3648;510;0
hsa-mir-519c;3696;3
hsa-mir-19b-1;3920;13
hsa-mir-16-1;5669;117
hsa-mir-548ae-2;4546;0
hsa-mir-422a;2064;2
hsa-mir-4514;4384;0
hsa-mir-596;2058;0
hsa-mir-3937;1182;0
hsa-mir-5689;1539;0
hsa-mir-4704;3236;0
hsa-mir-3185;2820;0
hsa-let-7d;2278;5
hsa-mir-8088;0;0
hsa-mir-132;2628;3
hsa-mir-548y;3688;0
hsa-mir-655;3024;0
hsa-mir-3166;2474;0
hsa-mir-513a-2;5845;1
hsa-mir-485;5926;2
hsa-mir-3118-4;1882;0
hsa-mir-548m;2489;0
hsa-mir-99a;483;3
hsa-mir-1246;1845;0
hsa-mir-3180-4;1552;0
hsa-mir-1185-1;3062;0
hsa-mir-302e;3647;0
hsa-mir-663a;1815;2
hsa-mir-4464;1994;0
hsa-mir-4471;1659;0
hsa-mir-451b;2993;0
hsa-mir-759;2742;0
hsa-mir-1303;2151;0
hsa-mir-8054;0;0
hsa-mir-496;1228;0
hsa-mir-1269a;1718;0
hsa-mir-1281;1312;0
hsa-mir-3156-1;3788;0
hsa-mir-548ab;3688;0
hsa-mir-223;2859;8
hsa-mir-376a-2;1563;1
hsa-let-7c;2069;5
hsa-mir-4662a;2693;0
hsa-mir-3179-1;3038;0
hsa-let-7e;2194;4
hsa-mir-5007;3294;0
hsa-mir-514a-3;3310;0
hsa-mir-4527;1437;0
hsa-mir-4315-2;492;0
hsa-mir-4523;425;0
hsa-mir-548ad;970;0
hsa-mir-495;3731;0
hsa-mir-4682;2216;0
hsa-mir-4472-2;3051;0
hsa-mir-1283-2;2910;0
hsa-mir-345;3767;3
hsa-mir-181c;3751;7
hsa-mir-379;2310;0
hsa-mir-4453;1928;0
hsa-mir-4313;1915;0
hsa-mir-4276;2547;0
hsa-mir-4697;2830;0
hsa-mir-92b;2728;3
hsa-mir-4431;320;0
hsa-mir-3678;3204;0
hsa-mir-5681b;861;0
hsa-mir-4643;2742;0
hsa-mir-4323;3023;0
hsa-mir-298;3203;2
hsa-mir-1257;1791;0
hsa-mir-4736;2742;0
hsa-mir-3148;5223;0
hsa-mir-4703;2954;0
hsa-mir-320b-1;3400;0
hsa-mir-3622a;3115;0
hsa-mir-5708;334;0
hsa-mir-4532;1207;0
hsa-mir-329-2;2208;0
hsa-mir-4309;2062;0
hsa-mir-2052;2209;0
hsa-mir-4314;3012;0
hsa-mir-548a-3;6171;0
hsa-mir-548x;6011;0
hsa-mir-4477b;2305;0
hsa-mir-7975;0;0
hsa-mir-4275;1534;0
hsa-mir-3680-1;4070;0
hsa-mir-3118-3;1882;0
hsa-mir-516b-2;4892;0
hsa-mir-29b-1;4809;28
hsa-mir-4522;2137;0
hsa-mir-8078;0;0
hsa-mir-337;1689;0
hsa-mir-6840;0;0
hsa-mir-137;2349;7
hsa-mir-4509-1;1701;0
hsa-mir-3689d-2;3294;0
hsa-mir-4754;287;0
hsa-mir-517a;1843;0
hsa-mir-651;1494;0
hsa-mir-4720;3240;0
hsa-mir-409;2708;3
hsa-mir-606;1771;0
hsa-mir-924;1794;0
hsa-mir-19a;3925;16
hsa-mir-6131;0;0
hsa-mir-548aw;3703;0
hsa-mir-106a;4803;10
hsa-mir-5589;4070;0
hsa-mir-3168;1808;0
hsa-mir-8087;0;0
hsa-mir-369;2533;3
hsa-mir-4488;1182;0
hsa-mir-6511a-2;0;0
hsa-mir-370;3145;3
hsa-mir-3179-2;3038;0
hsa-mir-600;1846;0
hsa-mir-4752;1741;0
hsa-mir-4419b;4055;0
hsa-mir-374c;3700;0
hsa-mir-1255b-1;1907;0
hsa-mir-7159;0;0
hsa-mir-3671;3426;0
hsa-mir-4436a;2984;0
hsa-mir-3201;1102;0
hsa-mir-6128;0;0
hsa-mir-4330;2070;0
hsa-mir-4291;3032;0
hsa-mir-30b;6670;0
hsa-mir-99b;479;1
hsa-mir-18b;2468;1
hsa-mir-527;3042;0
hsa-mir-7-2;5580;17
hsa-mir-2392;2751;0
hsa-mir-6089-2;0;0
hsa-mir-29a;4926;32
hsa-mir-4430;4004;0
hsa-mir-450a-1;222;1
hsa-mir-4675;2218;0
hsa-mir-1273c;235;0
hsa-mir-3156-3;1898;0
hsa-mir-3668;1713;0
hsa-mir-7-3;2261;17
hsa-mir-6859-1;0;0
hsa-mir-8067;0;0
hsa-mir-4327;1532;0
hsa-mir-203b;0;0
hsa-mir-607;4258;0
hsa-mir-517c;1843;0
hsa-mir-6088;0;0
hsa-mir-5705;291;0
hsa-mir-663b;1883;0
hsa-mir-297;2085;0
hsa-mir-7112-1;0;0
hsa-mir-4454;213;0
hsa-mir-548al;416;0
hsa-mir-133b;1743;6
hsa-mir-4470;1792;0
hsa-mir-4535;1211;0
hsa-mir-4776-1;3138;0
hsa-mir-521-2;384;1
hsa-mir-378d-2;2063;0
hsa-mir-4460;1117;0
hsa-mir-3683;240;0
hsa-mir-892a;2332;0
hsa-mir-6500;0;0
hsa-mir-6078;0;0
hsa-mir-614;331;0
hsa-mir-7702;0;0
hsa-mir-572;395;1
hsa-mir-451a;327;8
hsa-mir-630;1564;3
hsa-mir-4277;2737;0
hsa-mir-4449;704;0
hsa-mir-4421;2638;0
hsa-mir-646;3467;0
hsa-mir-4433;4261;0
hsa-mir-587;2516;0
hsa-mir-8071-1;0;0
hsa-mir-1179;1888;0
hsa-mir-3689c;4752;0
hsa-mir-4693;3165;0
hsa-mir-4290;2366;0
hsa-mir-4268;2370;0
hsa-mir-520e;3646;0
hsa-mir-3667;4632;0
hsa-mir-147a;2313;2
hsa-mir-4678;1767;0
hsa-mir-8072;0;0
hsa-mir-5695;2613;0
hsa-mir-320d-1;3401;0
hsa-mir-4520b;2297;0
hsa-mir-4493;2080;0
hsa-mir-196a-1;1305;12
hsa-mir-4496;3297;0
hsa-mir-4666a;4658;0
hsa-mir-548ag-1;2321;0
hsa-mir-4508;1059;0
hsa-mir-4475;1831;0
hsa-mir-6723;0;0
hsa-mir-3928;1834;0
hsa-mir-375;491;5
hsa-mir-4734;913;0
hsa-mir-5692c-1;2937;0
hsa-mir-4318;2350;0
hsa-mir-3660;2332;0
hsa-mir-6087;0;0
hsa-mir-891a;269;0
hsa-mir-550a-3;3177;0
hsa-mir-4679-1;2182;0
hsa-mir-573;2149;0
hsa-mir-4491;2028;0
hsa-mir-3916;4017;0
hsa-mir-4422;3395;0
hsa-mir-3689a;5553;0
hsa-mir-6085;0;0
hsa-mir-4487;3102;0
hsa-mir-296;3462;2
hsa-mir-1587;3107;0
hsa-mir-4763;5743;0
hsa-mir-548i-1;3687;0
hsa-let-7b;4637;146
hsa-mir-4417;1950;0
hsa-mir-1302-11;2225;0
hsa-mir-7162;0;0
hsa-mir-4776-2;3139;0
hsa-mir-5694;1775;0
hsa-mir-6077-1;0;0
hsa-mir-3929;4055;0
hsa-mir-545;5357;1
hsa-mir-301b;2429;1
hsa-mir-645;1392;0
hsa-mir-548g;4843;0
hsa-mir-650;3612;1
hsa-mir-892c;0;0
hsa-mir-3673;2608;0
hsa-mir-3193;553;0
hsa-let-7f-1;4560;3
hsa-mir-1263;952;0
hsa-mir-4698;4240;0
hsa-mir-6129;0;0
hsa-mir-4771-1;1549;0
hsa-mir-512-2;4706;1
hsa-mir-4462;719;0
hsa-mir-524;4293;0
hsa-mir-4478;4056;0
hsa-mir-8079;0;0
hsa-mir-4537;940;0
hsa-mir-190b;1178;0
hsa-mir-6072;0;0
hsa-mir-8052;0;0
hsa-mir-1302-10;2228;0
hsa-mir-3197;638;0
hsa-mir-4519;2608;0
hsa-mir-8065;0;0
hsa-mir-548ai;2319;0
hsa-mir-5087;1613;0
hsa-mir-1302-2;2227;0
hsa-mir-5186;1365;0
hsa-mir-4444-2;285;0
hsa-mir-557;1904;0
hsa-mir-602;812;0
hsa-mir-3670-1;2113;0
hsa-mir-6076;0;0
hsa-mir-1244-2;1563;0
hsa-mir-4299;2245;0
hsa-mir-4645;4629;0
hsa-mir-421;2374;3
hsa-mir-5701-2;1273;0
hsa-mir-4494;2270;0
hsa-mir-378g;3733;0
hsa-mir-758;1390;0
hsa-mir-3976;1900;0
hsa-mir-518f;1816;0
hsa-mir-4712;2909;0
hsa-mir-3199-2;2097;0
hsa-mir-3149;1478;0
hsa-mir-525;3361;0
hsa-mir-4725;4897;0
hsa-mir-300;2486;0
hsa-mir-371b;5213;0
hsa-mir-5197;5421;0
hsa-mir-3910-2;2877;0
hsa-mir-548i-4;3687;0
hsa-mir-4500;1983;0
hsa-mir-3179-3;3038;0
hsa-mir-6080;0;0
hsa-mir-2117;2266;0
hsa-mir-1208;2329;0
hsa-mir-3529;3412;0
hsa-mir-3118-6;1882;0
hsa-mir-3689d-1;3294;0
hsa-mir-150;4863;5
hsa-mir-7153;0;0
hsa-mir-320d-2;3401;0
hsa-mir-4325;1974;0
hsa-mir-5701-1;1272;0
hsa-mir-4458;1983;0
hsa-mir-4283-2;2328;0
hsa-mir-5089;3106;0
hsa-mir-1204;831;0
hsa-mir-378d-1;2062;0
hsa-mir-3689e;1253;0
hsa-mir-1253;3161;0
hsa-mir-3910-1;2876;0
hsa-mir-1827;4961;0
hsa-mir-548a-2;4117;0
hsa-mir-3622b;4189;0
hsa-mir-4435-1;3640;0
hsa-mir-588;2482;0
hsa-mir-802;2335;1
hsa-mir-3679;3293;0
hsa-mir-4437;2450;0
hsa-mir-5684;1280;0
hsa-mir-6068;0;0
hsa-mir-1270-1;2160;0
hsa-mir-378i;2063;0
hsa-mir-1270-2;2158;0
hsa-mir-8062;0;0
hsa-mir-665;4234;0
hsa-mir-888;4187;0
hsa-mir-548h-5;3689;0
hsa-mir-633;1686;0
hsa-mir-4256;1641;0
hsa-mir-8070;0;0
hsa-mir-1206;1605;0
hsa-mir-217;2279;7
hsa-mir-6512;0;0
hsa-mir-5195;3110;0
hsa-mir-518b;393;0
hsa-mir-563;722;0
hsa-mir-4509-2;1700;0
hsa-mir-2054;2121;0
hsa-mir-4302;2708;0
hsa-mir-4443;2766;0
hsa-mir-5681a;2902;0
hsa-mir-8086;0;0
hsa-mir-550b-2;3043;0
hsa-mir-4509-3;1699;0
hsa-mir-4468;2673;0
hsa-mir-526a-1;1563;0
hsa-mir-7515;0;0
hsa-mir-1323;3391;0
hsa-mir-4469;3273;0
hsa-mir-6090;0;0
hsa-mir-939;2186;0
hsa-mir-617;1576;1
hsa-mir-5096;2839;0
hsa-mir-3652;4005;0
hsa-mir-4684;3580;0
hsa-mir-3162;2659;0
hsa-mir-4718;1037;0
hsa-mir-6739;0;0
hsa-mir-6865;0;0
hsa-mir-6832;0;0
hsa-mir-1262;2481;0
hsa-mir-320b-2;3400;0
hsa-mir-3920;1628;0
hsa-mir-6871;0;0
hsa-mir-2278;3387;0
hsa-mir-3664;5015;0
hsa-mir-378h;2063;0
hsa-mir-4744;2200;0
hsa-mir-7703;0;0
hsa-mir-1469;164;0
hsa-mir-6079;0;0
hsa-mir-580;2570;0
hsa-mir-6765;0;0
hsa-mir-3620;2518;0
hsa-mir-576;4305;0
hsa-mir-6823;0;0
hsa-mir-6834;0;0
hsa-mir-6750;0;0
hsa-mir-664a;0;0
hsa-mir-5579;2075;0
hsa-mir-4506;1517;0
hsa-mir-6499;0;0
hsa-mir-6841;0;0
hsa-mir-550a-1;3216;0
hsa-mir-4316;1875;0
hsa-mir-4273;2438;0
hsa-mir-6862-2;0;0
hsa-mir-4642;2006;0
hsa-mir-5000;4601;0
hsa-mir-301a;3969;3
hsa-mir-6716;0;0
hsa-mir-6853;0;0
hsa-mir-3615;720;0
hsa-mir-4646;4614;0
hsa-mir-3914-2;1774;0
hsa-mir-5585;2405;0
hsa-mir-6069;0;0
hsa-mir-4743;597;0
hsa-mir-1343;4198;0
hsa-mir-4804;1490;0
hsa-mir-639;500;1
hsa-mir-6780b;0;0
hsa-mir-133a-2;1734;11
hsa-mir-6751;0;0
hsa-mir-4639;3226;0
hsa-mir-3119-1;2738;0
hsa-mir-1237;2914;0
hsa-mir-4774;2423;0
hsa-mir-4322;1972;0
hsa-mir-3610;250;0
hsa-mir-933;348;0
hsa-mir-6071;0;0
hsa-mir-2110;3447;0
hsa-mir-3116-2;2710;0
hsa-mir-6873;0;0
hsa-mir-1227;1965;0
hsa-mir-3922;4808;0
hsa-mir-1267;1656;0
hsa-mir-3917;357;0
hsa-mir-3123;2889;0
hsa-mir-1182;2205;0
hsa-mir-7111;0;0
hsa-mir-135a-1;3402;2
hsa-mir-6782;0;0
hsa-mir-5590;3851;0
hsa-mir-597;1329;0
hsa-mir-1238;688;0
hsa-mir-4789;4300;0
hsa-mir-1286;2050;0
hsa-mir-24-1;3683;22
hsa-mir-5588;4284;0
hsa-mir-488;3786;2
hsa-mir-877;4120;0
hsa-mir-1226;4069;1
hsa-mir-224;4392;13
hsa-mir-6721;0;0
hsa-mir-548h-1;3688;0
hsa-mir-3126;3016;0
hsa-mir-4687;3500;0
hsa-mir-6718;0;0
hsa-mir-4667;5723;0
hsa-mir-3617;2855;0
hsa-mir-6795;0;0
hsa-mir-4777;2543;0
hsa-mir-4499;2213;0
hsa-mir-7843;0;0
hsa-mir-1272;2074;0
hsa-mir-4640;4161;0
hsa-mir-582;3759;1
hsa-mir-6749;0;0
hsa-mir-7853;0;0
hsa-mir-6775;0;0
hsa-mir-7706;0;0
hsa-mir-1244-3;1564;0
hsa-mir-191;1103;3
hsa-mir-561;5467;0
hsa-mir-32;3924;3
hsa-mir-6821;0;0
hsa-mir-2276;2330;0
hsa-mir-1288;1425;0
hsa-mir-7978;0;0
hsa-mir-548k;2300;0
hsa-mir-3119-2;2738;0
hsa-mir-4270;3959;0
hsa-mir-676;2764;0
hsa-mir-432;3815;0
hsa-mir-744;3094;0
hsa-mir-3655;288;0
hsa-mir-3915;3178;0
hsa-mir-4745;3194;0
hsa-mir-3187;5246;0
hsa-mir-4784;3120;0
hsa-mir-4298;2227;0
hsa-mir-605;2296;1
hsa-mir-7151;0;0
hsa-mir-26a-2;3566;25
hsa-mir-6877;0;0
hsa-mir-6855;0;0
hsa-mir-4740;2164;0
hsa-mir-7114;0;0
hsa-mir-4288;2118;0
hsa-mir-140;4310;5
hsa-mir-4635;2157;0
hsa-mir-4497;576;0
hsa-mir-7704;0;0
hsa-mir-6771;0;0
hsa-mir-6513;0;0
hsa-mir-4800;1132;0
hsa-mir-6510;0;0
hsa-mir-26b;4299;3
hsa-mir-564;927;0
hsa-mir-3202-1;3897;0
hsa-mir-941-2;713;0
hsa-mir-641;2853;0
hsa-mir-1249;399;0
hsa-mir-1225;2871;0
hsa-mir-6794;0;0
hsa-mir-6506;0;0
hsa-mir-6890;0;0
hsa-mir-3122;1324;0
hsa-mir-1273a;695;0
hsa-mir-105-1;2905;1
hsa-mir-139;2277;0
hsa-mir-4773-1;3430;0
hsa-mir-1290;2611;0
hsa-let-7f-2;3800;3
hsa-mir-4281;853;0
hsa-mir-6895;0;0
hsa-mir-4781;2922;0
hsa-mir-1273f;3314;0
hsa-mir-549a;0;0
hsa-mir-3192;3980;0
hsa-mir-6746;0;0
hsa-mir-6760;0;0
hsa-mir-4474;3537;0
hsa-mir-548aa-1;4610;0
hsa-mir-1184-2;3513;0
hsa-mir-6891;0;0
hsa-mir-8057;0;0
hsa-mir-548f-3;4116;0
hsa-mir-7854;0;0
hsa-mir-6748;0;0
hsa-mir-3130-1;3517;0
hsa-mir-383;1431;1
hsa-mir-6822;0;0
hsa-mir-181b-2;3548;12
hsa-mir-4459;4519;0
hsa-mir-302d;4786;10
hsa-mir-3116-1;2710;0
hsa-mir-6862-1;0;0
hsa-mir-3175;3083;0
hsa-mir-6801;0;0
hsa-mir-3605;2702;0
hsa-mir-448;2349;1
hsa-mir-500a;3548;0
hsa-mir-4695;4765;0
hsa-mir-28;3510;1
hsa-mir-3115;950;0
hsa-mir-4301;1106;0
hsa-mir-1184-1;3513;0
hsa-mir-6833;0;0
hsa-mir-6820;0;0
hsa-mir-3160-2;4661;0
hsa-mir-7851;0;0
hsa-mir-7107;0;0
hsa-mir-604;1078;0
hsa-mir-8075;0;0
hsa-mir-6849;0;0
hsa-mir-23b;4485;5
hsa-mir-7852;0;0
hsa-mir-151a;1924;3
hsa-mir-504;2125;2
hsa-mir-4722;5913;0
hsa-mir-6733;0;0
hsa-mir-4637;1170;0
hsa-mir-5095;2597;0
hsa-mir-1266;2982;0
hsa-mir-152;2603;2
hsa-mir-3176;3226;0
hsa-mir-324;4304;5
hsa-mir-6842;0;0
hsa-mir-1269b;1718;0
hsa-mir-6845;0;0
hsa-mir-591;1273;0
hsa-mir-431;1823;0
hsa-mir-3117;2115;0
hsa-mir-598;375;0
hsa-mir-6848;0;0
hsa-mir-6852;0;0
hsa-mir-6732;0;0
hsa-mir-4269;3165;0
hsa-mir-6809;0;0
hsa-mir-4524b;4567;0
hsa-mir-3618;1322;0
hsa-mir-491;4399;3
hsa-mir-6734;0;0
hsa-mir-5581;3616;0
hsa-mir-151b;802;0
hsa-mir-4670;2025;0
hsa-mir-595;1970;0
hsa-mir-4311;4095;0
hsa-mir-585;193;0
hsa-mir-486;4591;1
hsa-mir-550b-1;3044;0
hsa-mir-4716;4690;0
hsa-mir-6743;0;0
hsa-mir-3173;5067;0
hsa-mir-624;3118;0
hsa-mir-3200;3073;0
hsa-mir-2277;1096;0
hsa-mir-616;4793;1
hsa-mir-1301;2678;0
hsa-mir-4655;889;0
hsa-mir-4498;4048;0
hsa-mir-4709;4361;0
hsa-mir-4312;1416;0
hsa-mir-548at;3413;0
hsa-mir-1287;1698;0
hsa-mir-455;3459;0
hsa-mir-660;4884;0
hsa-mir-4295;2430;0
hsa-mir-6854;0;0
hsa-mir-4671;1648;0
hsa-mir-873;4194;0
hsa-mir-6816;0;0
hsa-mir-449a;3015;5
hsa-mir-6515;0;0
hsa-mir-4461;1903;0
hsa-mir-4279;2974;0
hsa-mir-3692;5656;0
hsa-mir-548n;4170;0
hsa-mir-627;1796;0
hsa-mir-653;2199;0
hsa-mir-181a-2;5149;14
hsa-mir-4766;4315;0
hsa-mir-922;3541;0
hsa-mir-186;6727;3
hsa-mir-302a;4787;5
hsa-mir-708;3929;0
hsa-mir-6778;0;0
hsa-mir-629;3929;0
hsa-mir-107;2756;15
hsa-mir-2681;3204;0
hsa-mir-5698;2822;0
hsa-mir-4467;652;0
hsa-mir-452;4561;0
hsa-mir-6819;0;0
hsa-mir-766;6285;0
hsa-mir-935;1750;0
hsa-mir-30c-1;5376;3
hsa-mir-3189;3734;0
hsa-mir-4466;704;0
hsa-mir-5687;253;0
hsa-mir-5690;2597;0
hsa-mir-6756;0;0
hsa-mir-548e;4113;0
hsa-mir-1255b-2;3422;0
hsa-mir-3158-2;4733;0
hsa-mir-6843;0;0
hsa-mir-6880;0;0
hsa-mir-8089;0;0
hsa-mir-1260a;3045;0
hsa-mir-3926-1;2092;0
hsa-mir-449b;5322;0
hsa-mir-1307;432;0
hsa-mir-4749;3095;0
hsa-mir-1224;4653;0
hsa-mir-4791;1101;0
hsa-mir-4669;477;0
hsa-mir-3198-1;2062;0
hsa-mir-6752;0;0
hsa-mir-548d-2;6177;1
hsa-mir-6839;0;0
hsa-mir-3941;2613;0
hsa-mir-4692;4377;0
hsa-mir-6779;0;0
hsa-mir-5047;2676;0
hsa-mir-532;4454;2
hsa-mir-6806;0;0
hsa-mir-626;1996;1
hsa-mir-7849;0;0
hsa-mir-4263;2448;0
hsa-mir-218-2;3624;17
hsa-mir-5682;1178;0
hsa-mir-6844;0;0
hsa-mir-3682;3035;0
hsa-mir-3182;2920;0
hsa-mir-8083;0;0
hsa-mir-3165;1710;0
hsa-mir-486-2;0;0
hsa-mir-4512;2531;0
hsa-mir-3942;4386;0
hsa-mir-4760;4260;0
hsa-mir-6879;0;0
hsa-mir-1264;2591;0
hsa-mir-5187;3209;0
hsa-mir-3940;2329;0
hsa-mir-25;3139;6
hsa-mir-6781;0;0
hsa-mir-4518;2981;0
hsa-mir-4767;725;0
hsa-mir-619;2117;0
hsa-mir-133a-1;1734;11
hsa-mir-4484;701;0
hsa-mir-4260;1709;0
hsa-mir-3130-2;3516;0
hsa-mir-6826;0;0
hsa-mir-3195;448;0
hsa-mir-4676;4344;0
hsa-mir-548an;4015;0
hsa-mir-3155a;2761;0
hsa-mir-640;1974;0
hsa-mir-6774;0;0
hsa-mir-23c;3343;0
hsa-mir-1976;3701;0
hsa-mir-6740;0;0
hsa-mir-148b;4513;3
hsa-mir-615;2253;0
hsa-mir-339;2777;1
hsa-mir-7150;0;0
hsa-mir-7855;0;0
hsa-mir-934;963;0
hsa-mir-664b;0;0
hsa-mir-5090;946;0
hsa-mir-3713;156;0
hsa-mir-208a;490;3
hsa-mir-7847;0;0
hsa-mir-1268b;1075;0
hsa-mir-4799;4404;0
hsa-mir-3202-2;3897;0
hsa-mir-3135a;1343;0
hsa-mir-6851;0;0
hsa-mir-4771-2;1549;0
hsa-mir-5587;2669;0
hsa-mir-3152;2673;0
hsa-mir-5704;1269;0
hsa-mir-3654;1414;0
hsa-mir-7160;0;0
hsa-mir-1252;3755;0
hsa-mir-6511b-1;0;0
hsa-mir-105-2;2905;1
hsa-mir-4728;6069;0
hsa-mir-30e;5368;2
hsa-mir-6768;0;0
hsa-mir-5092;486;0
hsa-mir-6790;0;0
hsa-mir-8073;0;0
hsa-mir-3125;4018;0
hsa-mir-1537;450;0
hsa-mir-1276;2545;0
hsa-mir-4730;443;0
hsa-mir-6501;0;0
hsa-mir-4504;1982;0
hsa-mir-3938;2058;0
hsa-mir-5691;3103;0
hsa-mir-4515;2042;0
hsa-mir-7976;0;0
hsa-mir-1278;1389;0
hsa-mir-4759;1260;0
hsa-mir-490;3516;0
hsa-mir-338;4763;7
hsa-mir-6893;0;0
hsa-mir-6796;0;0
hsa-mir-1296;967;1
hsa-mir-642a;4346;0
hsa-mir-590;5872;1
hsa-mir-378a;4015;5
hsa-mir-511;0;0
hsa-mir-4798;602;0
hsa-mir-126;3135;18
hsa-mir-6808;0;0
hsa-mir-33a;5268;2
hsa-mir-4705;1616;0
hsa-mir-6769a;0;0
hsa-mir-6769b;0;0
hsa-mir-4264;2002;0
hsa-mir-7106;0;0
hsa-mir-4446;6059;0
hsa-mir-6803;0;0
hsa-mir-499b;3683;0
hsa-mir-6754;0;0
hsa-mir-6132;0;0
hsa-mir-887;334;0
hsa-mir-211;5113;1
hsa-mir-3934;2723;0
hsa-mir-4701;4376;0
hsa-mir-6883;0;0
hsa-mir-16-2;5938;118
hsa-mir-4480;1675;0
hsa-mir-647;2758;0
hsa-mir-320c-1;3400;0
hsa-mir-3145;4217;0
hsa-mir-4750;221;0
hsa-mir-4287;2675;0
hsa-mir-5582;6182;0
hsa-mir-4768;6381;0
hsa-mir-3132;1301;0
hsa-mir-4785;442;0
hsa-mir-449c;3252;0
hsa-mir-592;1891;0
hsa-mir-208b;446;1
hsa-mir-127;2516;3
hsa-mir-4292;3670;0
hsa-mir-128-1;3826;11
hsa-mir-6125;0;0
hsa-mir-6828;0;0
hsa-mir-4794;2239;0
hsa-mir-7157;0;0
hsa-mir-6813;0;0
hsa-mir-5685;3078;0
hsa-mir-3978;3264;0
hsa-mir-711;1778;0
hsa-mir-555;1241;0
hsa-mir-6509;0;0
hsa-mir-764;2596;0
hsa-mir-5004;3909;0
hsa-mir-548au;4848;0
hsa-mir-3972;2287;0
hsa-mir-6867;0;0
hsa-mir-1291;3039;0
hsa-mir-6864;0;0
hsa-mir-6728;0;0
hsa-mir-4428;3435;0
hsa-mir-7845;0;0
hsa-mir-6836;0;0
hsa-mir-2116;3441;0
hsa-mir-6086;0;0
hsa-mir-3136;3320;0
hsa-mir-378e;2062;0
hsa-mir-5010;3722;0
hsa-mir-4731;5790;0
hsa-mir-628;2794;0
hsa-mir-661;4532;6
hsa-mir-1289-2;1556;0
hsa-mir-7846;0;0
hsa-mir-941-1;713;0
hsa-mir-6847;0;0
hsa-mir-548b;4951;0
hsa-mir-3138;1773;0
hsa-mir-566;841;0
hsa-mir-98;2069;22
hsa-mir-3190;5018;0
hsa-mir-4304;407;0
hsa-mir-1181;170;0
hsa-mir-548v;1846;0
hsa-mir-9-1;4405;16
hsa-mir-103a-2;4600;5
hsa-mir-637;3309;0
hsa-mir-3921;3006;0
hsa-mir-1470;859;0
hsa-mir-6858;0;0
hsa-mir-6892;0;0
hsa-mir-762;4036;0
hsa-mir-4700;5094;0
hsa-mir-8064;0;0
hsa-mir-4775;5606;0
hsa-mir-483;3030;2
hsa-mir-26a-1;3564;25
hsa-mir-6804;0;0
hsa-mir-7112-2;0;0
hsa-mir-3621;430;0
hsa-mir-885;2334;2
hsa-mir-6772;0;0
hsa-mir-6784;0;0
hsa-mir-484;2761;0
hsa-mir-4524a;4878;0
hsa-mir-548o-2;5716;0
hsa-mir-6780a;0;0
hsa-mir-548s;2865;0
hsa-mir-3151;2546;0
hsa-mir-4528;2228;0
hsa-mir-3170;2373;0
hsa-mir-8082;0;0
hsa-mir-569;1447;1
hsa-mir-5591;3166;0
hsa-mir-4666b;2029;0
hsa-mir-548z;4057;0
hsa-mir-3140;3871;0
hsa-mir-3923;954;0
hsa-mir-103b-1;1038;0
hsa-mir-584;3257;1
hsa-mir-4282;5522;0
hsa-mir-6887;0;0
hsa-mir-4748;1991;0
hsa-mir-6818;0;0
hsa-mir-1273h;0;0
hsa-mir-5006;5370;0
hsa-mir-4755;6213;0
hsa-mir-4796;3513;0
hsa-mir-548ar;6029;0
hsa-let-7g;3848;7
hsa-mir-3911;1801;0
hsa-mir-4649;4481;0
hsa-mir-1825;2216;0
hsa-mir-4782;2843;0
hsa-mir-548f-5;4117;0
hsa-mir-3690-2;0;0
hsa-mir-1294;1738;0
hsa-mir-4258;997;0
hsa-mir-4321;155;0
hsa-mir-548l;3024;0
hsa-mir-4650-2;4383;0
hsa-mir-1200;3240;0
hsa-mir-6742;0;0
hsa-mir-6800;0;0
hsa-mir-5009;3201;0
hsa-mir-3177;2015;0
hsa-mir-6874;0;0
hsa-mir-7152;0;0
hsa-mir-548o;3390;0
hsa-mir-4483;1859;0
hsa-mir-4680;3955;0
hsa-mir-501;3402;0
hsa-mir-7848;0;0
hsa-mir-4486;1470;0
hsa-mir-362;3467;0
hsa-mir-1255a;1906;0
hsa-mir-425;2193;0
hsa-mir-4724;2979;0
hsa-mir-7161;0;0
hsa-mir-33b;3234;1
hsa-mir-1228;3336;0
hsa-mir-937;223;0
hsa-mir-95;276;0
hsa-mir-4793;4712;0
hsa-mir-4691;5234;0
hsa-mir-4647;2610;0
hsa-mir-4516;3500;0
hsa-mir-5706;2044;0
hsa-mir-4297;2327;0
hsa-mir-599;1468;0
hsa-mir-4715;3495;0
hsa-mir-942;3704;1
hsa-mir-4529;2609;0
hsa-mir-153-2;1752;5
hsa-mir-548ao;2157;0
hsa-mir-340;4278;1
hsa-mir-621;916;0
hsa-mir-3183;3043;0
hsa-mir-874;2755;0
hsa-mir-574;2182;0
hsa-mir-652;1502;0
hsa-mir-6860;0;0
hsa-mir-5189;4031;0
hsa-mir-7155;0;0
hsa-mir-4526;2330;0
hsa-mir-4434;3501;0
hsa-mir-4753;5760;0
hsa-mir-4651;3718;0
hsa-mir-4696;1743;0
hsa-mir-4694;4112;0
hsa-mir-875;4323;0
hsa-mir-4451;1522;0
hsa-mir-1233-1;1913;0
hsa-mir-658;1219;0
hsa-mir-3612;3612;0
hsa-mir-1250;525;0
hsa-mir-4492;4054;0
hsa-mir-6884;0;0
hsa-mir-4265;1974;0
hsa-mir-6767;0;0
hsa-mir-623;2057;0
hsa-mir-4310;2818;0
hsa-mir-3690-1;0;0
hsa-mir-765;3765;1
hsa-mir-3973;2650;0
hsa-mir-3134;1434;0
hsa-mir-6810;0;0
hsa-mir-5683;3004;0
hsa-mir-6824;0;0
hsa-mir-1911;2568;0
hsa-mir-548d-1;6177;1
hsa-mir-3167;1918;0
hsa-mir-4769;3459;0
hsa-mir-3691;3280;0
hsa-mir-3161;1366;0
hsa-mir-93;5601;8
hsa-mir-5191;897;0
hsa-mir-3666;2430;0
hsa-mir-548h-3;3689;0
hsa-mir-3155b;2762;0
hsa-mir-454;3007;0
hsa-mir-6831;0;0
hsa-mir-4473;1245;0
hsa-mir-3616;4524;0
hsa-mir-6881;0;0
hsa-mir-1203;650;0
hsa-mir-3065;5637;0
hsa-mir-198;2033;2
hsa-mir-6787;0;0
hsa-mir-6516;0;0
hsa-mir-4802;4083;0
hsa-mir-6825;0;0
hsa-mir-4659b;5437;0
hsa-mir-6124;0;0
hsa-mir-2355;4901;0
hsa-mir-1302-6;2227;0
hsa-mir-2467;5055;0
hsa-mir-6731;0;0
hsa-mir-4438;2622;0
hsa-mir-760;3200;0
hsa-mir-1229;1876;0
hsa-mir-302b;4906;4
hsa-mir-4641;1623;0
hsa-mir-921;1275;0
hsa-mir-548aq;6286;0
hsa-mir-3198-2;2062;0
hsa-mir-4780;1569;0
hsa-mir-6811;0;0
hsa-mir-6720;0;0
hsa-mir-3614;3763;0
hsa-mir-6508;0;0
hsa-mir-1322;1513;0
hsa-mir-548ba;0;0
hsa-mir-218-1;3951;17
hsa-mir-4723;5056;0
hsa-mir-6829;0;0
hsa-mir-3651;862;0
hsa-mir-199a-1;3748;13
hsa-mir-1260b;3044;0
hsa-mir-876;3175;1
hsa-mir-6872;0;0
hsa-mir-1258;1211;1
hsa-mir-128-2;3825;11
hsa-mir-3907;1489;0
hsa-mir-6757;0;0
hsa-mir-4707;1978;0
hsa-mir-4756;5878;0
hsa-mir-8063;0;0
hsa-mir-4427;2320;0
hsa-mir-3128;2309;0
hsa-mir-761;4141;0
hsa-mir-4501;1617;0
hsa-mir-361;4453;1
hsa-mir-6876;0;0
hsa-mir-4742;4485;0
hsa-mir-328;2433;3
hsa-mir-3658;3689;0
hsa-mir-4308;2761;0
hsa-mir-330;6184;5
hsa-mir-6889;0;0
hsa-mir-644a;1831;0
hsa-mir-6788;0;0
hsa-mir-199b;3514;11
hsa-mir-6856;0;0
hsa-mir-558;2224;0
hsa-mir-6785;0;0
hsa-mir-4315-1;492;0
hsa-mir-8077;0;0
hsa-mir-106b;4043;16
hsa-mir-3935;1074;0
hsa-mir-15b;5204;6
hsa-mir-6878;0;0
hsa-mir-6861;0;0
hsa-mir-4746;994;0
hsa-mir-548ac;4057;0
hsa-mir-4531;3397;0
hsa-mir-6835;0;0
hsa-mir-101-2;2036;15
hsa-mir-4476;4203;0
hsa-mir-6075;0;0
hsa-mir-7856;0;0
hsa-mir-6777;0;0
hsa-mir-1245b;4220;0
hsa-mir-3184;4400;0
hsa-mir-500b;1632;0
hsa-mir-4329;2244;0
hsa-mir-5002;3280;0
hsa-mir-5584;5716;0
hsa-mir-6738;0;0
hsa-mir-215;1093;1
hsa-mir-3154;3269;0
hsa-mir-1298;468;0
hsa-mir-423;3057;1
hsa-mir-6762;0;0
hsa-mir-6133;0;0
hsa-mir-1302-5;2227;0
hsa-mir-551a;290;0
hsa-mir-5008;4379;0
hsa-mir-8066;0;0
hsa-mir-6807;0;0
hsa-mir-3064;5320;0
hsa-mir-6761;0;0
hsa-mir-5688;3469;0
hsa-mir-4429;3400;0
hsa-mir-326;3660;6
hsa-mir-499a;3601;1
hsa-mir-6729;0;0
hsa-mir-7110;0;0
hsa-mir-4525;1311;0
hsa-mir-767;3847;0
hsa-mir-5193;3359;0
hsa-mir-1279;1610;0
hsa-mir-8076;0;0
hsa-mir-4305;1271;0
hsa-mir-3074;3957;0
hsa-mir-1277;4443;0
hsa-mir-6766;0;0
hsa-mir-4257;2922;0
hsa-mir-620;2158;0
hsa-mir-188;4131;1
hsa-mir-1236;3345;0
hsa-mir-548aj-2;6010;0
hsa-mir-4658;1711;0
hsa-mir-632;2119;1
hsa-mir-3918;3422;0
hsa-mir-631;1988;1
hsa-mir-4259;1744;0
hsa-mir-6882;0;0
hsa-mir-1913;3265;0
hsa-mir-1254-1;2707;0
hsa-mir-579;2981;0
hsa-mir-938;974;0
hsa-mir-4657;2024;0
hsa-mir-8053;0;0
hsa-mir-3164;1867;0
hsa-mir-4284;3132;0
hsa-mir-608;3687;2
hsa-mir-4797;4180;0
hsa-mir-4503;2168;0
hsa-mir-5094;1811;0
hsa-mir-6717;0;0
hsa-mir-4779;3872;0
hsa-mir-589;4371;0
hsa-mir-5572;1857;0
hsa-mir-562;1867;3
hsa-mir-4706;1041;0
hsa-mir-3607;4309;0
hsa-mir-1183;1737;0
hsa-mir-7-1;5579;17
hsa-mir-3129;3051;0
hsa-mir-6773;0;0
hsa-mir-4688;2830;0
hsa-mir-1306;3198;0
hsa-mir-6866;0;0
hsa-mir-4735;4454;0
hsa-mir-1-2;2335;188
hsa-mir-5196;5558;0
hsa-mir-6070;0;0
hsa-mir-1-1;2335;188
hsa-mir-1910;2377;0
hsa-mir-3196;1555;0
hsa-mir-346;1524;27
hsa-mir-4266;1740;0
hsa-mir-3158-1;4734;0
hsa-mir-6084;0;0
hsa-mir-4726;5109;0
hsa-mir-6850;0;0
hsa-mir-556;2859;0
hsa-mir-4747;4649;0
hsa-mir-575;2116;0
hsa-mir-3156-2;3789;0
hsa-mir-6726;0;0
hsa-mir-6792;0;0
hsa-mir-548f-1;4117;0
hsa-mir-6830;0;0
hsa-mir-944;3840;0
hsa-mir-4253;2133;0
hsa-mir-5586;3818;0
hsa-mir-4420;2614;0
hsa-mir-548aa-2;4612;0
hsa-mir-1243;1689;0
hsa-mir-603;2693;1
hsa-mir-3120;5116;0
hsa-mir-7108;0;0
hsa-mir-5003;4605;0
hsa-mir-4319;2820;0
hsa-mir-3611;2299;0
hsa-mir-1972-1;3115;0
hsa-mir-103a-1;2752;5
hsa-mir-1248;2744;0
hsa-mir-4654;1416;0
hsa-mir-4664;1936;0
hsa-mir-6735;0;0
hsa-mir-3714;4317;0
hsa-mir-6715a;0;0
hsa-mir-581;1700;0
hsa-mir-4633;2254;0
hsa-mir-4764;2943;0
hsa-mir-1302-8;2227;0
hsa-mir-643;1454;0
hsa-mir-6776;0;0
hsa-mir-4677;4811;0
hsa-mir-7974;0;0
hsa-mir-199a-2;3746;13
hsa-mir-3646;5235;0
hsa-mir-548u;2661;0
hsa-mir-7844;0;0
hsa-mir-3186;724;0
hsa-mir-941-4;713;0
hsa-mir-3194;4377;0
hsa-mir-320c-2;3401;0
hsa-mir-625;3564;1
hsa-mir-4324;2736;0
hsa-mir-6886;0;0
hsa-mir-5699;2609;0
hsa-mir-7850;0;0
hsa-mir-609;1261;0
hsa-mir-4650-1;4382;0
hsa-mir-3127;4197;0
hsa-mir-3181;472;0
hsa-mir-3174;1752;0
hsa-mir-601;868;0
hsa-mir-1233-2;1913;0
hsa-mir-548j;3688;0
hsa-mir-1915;4907;0
hsa-mir-7109;0;0
hsa-mir-6827;0;0
hsa-mir-1295a;255;0
hsa-mir-593;4047;0
hsa-mir-3606;1619;0
hsa-mir-6783;0;0
hsa-mir-6730;0;0
hsa-mir-4441;3970;0
hsa-mir-7113;0;0
hsa-mir-586;2538;0
hsa-mir-4773-2;3430;0
hsa-mir-3153;3519;0
hsa-mir-4450;1153;0
hsa-mir-7973-1;0;0
hsa-mir-943;1790;0
hsa-mir-657;1773;1
hsa-mir-5190;2294;0
hsa-mir-1914;3678;0
hsa-mir-548f-2;4117;0
hsa-mir-4721;2298;0
hsa-mir-5703;3429;0
hsa-mir-548p;4139;0
hsa-mir-1285-1;5071;1
hsa-mir-4683;1304;0
hsa-mir-548as;5571;0
hsa-mir-1245a;1648;0
hsa-mir-4673;3615;0
hsa-mir-3146;1094;0
hsa-mir-3914-1;1774;0
hsa-mir-4271;3566;0
hsa-mir-4729;4377;0
hsa-mir-6081;0;0
hsa-mir-6763;0;0
hsa-mir-6894;0;0
hsa-mir-7705;0;0
hsa-mir-4274;1668;0
hsa-mir-4252;3457;0
hsa-mir-6870;0;0
hsa-mir-4661;2328;0
hsa-mir-3191;3670;0
hsa-mir-4254;3374;0
hsa-mir-4656;2545;0
hsa-mir-1293;1859;0
hsa-mir-3163;6113;0
hsa-mir-2909;1006;0
hsa-mir-6083;0;0
hsa-mir-136;2581;0
hsa-mir-611;495;0
hsa-mir-5693;3413;0
hsa-mir-1271;4197;0
hsa-mir-6502;0;0
hsa-mir-149;6137;2
hsa-mir-1912;2353;0
hsa-mir-4285;257;0
hsa-mir-6764;0;0
hsa-mir-6875;0;0
hsa-mir-4772;3450;0
hsa-mir-3121;5086;0
hsa-mir-6805;0;0
hsa-mir-4714;3032;0
hsa-mir-642b;3333;0
hsa-mir-638;272;0
hsa-mir-6837;0;0
hsa-mir-2053;2175;0
hsa-mir-3650;1839;0
hsa-mir-577;3219;0
hsa-mir-1180;380;0
hsa-mir-548w;3687;0
hsa-mir-8055;0;0
hsa-mir-1231;2090;0
hsa-mir-1295b;2910;0
hsa-mir-636;1918;0
hsa-mir-3919;4014;0
hsa-mir-671;2764;0
hsa-mir-6727;0;0
hsa-mir-6793;0;0
hsa-mir-635;2032;0
hsa-mir-335;5665;9
hsa-mir-6885;0;0
hsa-mir-4419a;3611;0
hsa-mir-4440;381;0
hsa-mir-3657;1569;0
hsa-mir-4436b-1;5717;0
hsa-mir-920;2255;0
hsa-mir-3656;911;0
hsa-mir-1273g;4492;0
hsa-mir-610;1208;0
hsa-mir-578;2583;0
hsa-mir-548f-4;4117;0
hsa-mir-3926-2;2092;0
hsa-mir-433;1927;2
hsa-mir-3684;858;0
hsa-mir-103b-2;1038;0
hsa-mir-3653;2335;0
hsa-mir-4713;3973;0
hsa-mir-553;473;0
hsa-mir-6791;0;0
hsa-mir-6504;0;0
hsa-mir-548ax;1888;0
hsa-mir-4765;1224;0
hsa-mir-147b;495;0
hsa-mir-6759;0;0
hsa-mir-4762;4676;0
hsa-mir-544b;3496;0
hsa-mir-1908;1821;0
hsa-mir-4653;3884;0
hsa-mir-4511;2792;0
hsa-mir-4690;4952;0
hsa-mir-613;2208;0
hsa-mir-4751;1459;0
hsa-mir-153-1;1753;5
hsa-mir-6505;0;0
hsa-mir-4699;4637;0
hsa-mir-6073;0;0
hsa-mir-6126;0;0
hsa-mir-4741;2217;0
hsa-mir-4803;3197;0
hsa-mir-6868;0;0
hsa-mir-4326;1678;0
hsa-mir-4320;1703;0
hsa-mir-4761;3591;0
hsa-mir-6744;0;0
hsa-mir-648;1502;0
hsa-mir-6507;0;0
hsa-mir-6741;0;0
hsa-mir-4261;3445;0
hsa-mir-1184-3;3512;0
hsa-mir-378b;2063;0
hsa-mir-6745;0;0
hsa-mir-3131;495;0
hsa-mir-185;5970;9
hsa-mir-1292;605;0
hsa-mir-6812;0;0
hsa-mir-3137;1485;0
hsa-mir-4644;3376;0
hsa-mir-367;3620;0
hsa-mir-6758;0;0
hsa-mir-548av;4098;0
hsa-mir-6165;0;0
hsa-mir-5697;1834;0
hsa-mir-190a;1193;1
hsa-mir-548c;7042;0
hsa-mir-7156;0;0
hsa-mir-5739;0;0
hsa-mir-3160-1;4661;0
hsa-mir-567;1428;0
hsa-mir-4306;3386;0
hsa-mir-8058;0;0
hsa-mir-342;3718;2
hsa-mir-548ah;6318;0
hsa-mir-6719;0;0
hsa-mir-6736;0;0
hsa-mir-4439;1983;0
hsa-mir-6798;0;0
hsa-mir-4251;3354;0
hsa-mir-6846;0;0
hsa-mir-320e;2756;0
hsa-mir-4317;1350;0
hsa-mir-1273d;1546;0
hsa-mir-4659a;5436;0
hsa-mir-618;1733;0
hsa-mir-6753;0;0
hsa-mir-6799;0;0
hsa-mir-4783;903;0
hsa-mir-378j;0;0
hsa-mir-6755;0;0
hsa-mir-489;1840;1
hsa-mir-7973-2;0;0
hsa-mir-8080;0;0
hsa-mir-4758;3660;0
hsa-mir-936;1770;0
hsa-mir-559;3690;4
hsa-mir-194-1;1870;10
hsa-mir-204;5746;44
hsa-mir-4665;3401;0
hsa-mir-4685;5350;0
hsa-mir-6863;0;0
hsa-mir-548ak;3687;0
hsa-mir-4668;6207;0
hsa-mir-6797;0;0
hsa-mir-6815;0;0
hsa-mir-27b;3798;8
hsa-mir-554;831;0
hsa-mir-6857;0;0
hsa-mir-4505;4564;0
hsa-mir-6869;0;0
hsa-mir-4632;896;0
hsa-mir-4648;1356;0
hsa-mir-6737;0;0
hsa-mir-4485;326;0
hsa-mir-4681;585;0
hsa-mir-3133;3311;0
hsa-mir-5088;2233;0
hsa-mir-634;2383;0
hsa-mir-6747;0;0
hsa-mir-1234;943;0
hsa-mir-3909;1952;0
hsa-mir-5192;1769;0
hsa-mir-3665;3097;0
hsa-mir-6838;0;0
hsa-mir-4672;2795;0
hsa-mir-6722;0;0
hsa-mir-3944;2205;0
hsa-mir-8085;0;0
hsa-mir-4463;2199;0
hsa-mir-941-3;713;0
hsa-mir-1282;340;0
hsa-mir-502;2961;0
hsa-mir-4517;2673;0
hsa-mir-302c;5730;2
hsa-mir-4540;1074;0
hsa-mir-4444-1;285;0
hsa-mir-6789;0;0
hsa-mir-5001;6158;0
hsa-mir-3943;2086;0
hsa-mir-3139;2569;0
hsa-mir-6802;0;0
hsa-mir-1256;1460;2
hsa-mir-548t;6550;0
hsa-mir-1909;4073;0
hsa-mir-7641-2;0;0
hsa-mir-548am;6455;0
hsa-mir-6888;0;0
hsa-mir-214;5219;8
hsa-mir-6786;0;0
hsa-mir-548q;1929;0
hsa-mir-1284;1657;0
hsa-mir-1178;1912;0
hsa-mir-3661;1987;0
hsa-mir-4711;3439;0
hsa-mir-6814;0;0
hsa-mir-6514;0;0
hsa-mir-4489;1022;0
hsa-mir-1539;636;0
hsa-mir-571;1641;0
hsa-mir-4296;1973;0
hsa-mir-4513;1185;0
hsa-mir-4479;422;0
hsa-mir-4636;334;0
hsa-mir-2115;4682;0
hsa-mir-4481;2401;0
hsa-mir-3609;3510;0
hsa-mir-3662;5311;0
hsa-mir-6715b;0;0
TOTAL;20453;1717
